om,yr,mo,dy,date,time,tz,st,stf,stn,mag,inj,fat,loss,closs,slat,slon,elat,elon,len,wid,ns,sn,sg,f1,f2,f3,f4,fc
0,2023,4,8,2023-04-08,05:40:00,9,OK,40,0,2.5,0,0,0,0,43.45901275696173,-87.15789561892782,0,0,1,1,1,1,1,0,0,0,0,0
1,2022,3,27,2022-03-27,19:17:00,9,OK,40,0,0.75,0,0,0,0,33.899858659670464,-97.75837614299594,0,0,1,1,1,1,1,0,0,0,0,0
2,2017,4,5,2017-04-05,00:39:00,9,OK,40,0,3.0,0,0,0,0,38.75500812405755,-94.49424429218868,0,0,1,1,1,1,1,0,0,0,0,0
3,2018,11,23,2018-11-23,17:09:00,9,OK,40,0,1.25,0,0,0,0,30.99093978368584,-89.24498044944484,0,0,1,1,1,1,1,0,0,0,0,0
4,2022,10,24,2022-10-24,23:43:00,3,OK,40,0,3.0,0,0,0,0,41.42591041924629,-82.38462228193004,0,0,1,1,1,1,1,0,0,0,0,0
5,2014,4,12,2014-04-12,14:26:00,9,OK,40,0,3.0,0,0,0,0,42.98107809388701,-90.31720543618678,0,0,1,1,1,1,1,0,0,0,0,0
6,2014,2,12,2014-02-12,20:20:00,3,OK,40,0,1.25,0,0,0,0,33.41742998708599,-88.14583511852962,0,0,1,1,1,1,1,0,0,0,0,0
7,2019,7,3,2019-07-03,04:57:00,3,OK,40,0,1.0,0,0,0,0,39.10043873220719,-98.88927129248667,0,0,1,1,1,1,1,0,0,0,0,0
8,2017,10,6,2017-10-06,04:04:00,9,OK,40,0,1.5,0,0,0,0,42.89910086415537,-80.70692014329856,0,0,1,1,1,1,1,0,0,0,0,0
9,2018,7,9,2018-07-09,12:42:00,9,OK,40,0,1.0,0,0,0,0,28.26137340624586,-90.15145554485339,0,0,1,1,1,1,1,0,0,0,0,0
10,2023,10,1,2023-10-01,12:02:00,9,OK,40,0,2.5,0,0,0,0,42.54749945535583,-96.79459142591647,0,0,1,1,1,1,1,0,0,0,0,0
11,2020,9,22,2020-09-22,04:52:00,3,OK,40,0,3.0,0,0,0,0,37.72594385092493,-93.22058055291814,0,0,1,1,1,1,1,0,0,0,0,0
12,2010,2,10,2010-02-10,15:39:00,9,OK,40,0,1.0,0,0,0,0,35.03826154117757,-89.73385320188194,0,0,1,1,1,1,1,0,0,0,0,0
13,2018,10,7,2018-10-07,05:19:00,9,OK,40,0,1.25,0,0,0,0,36.88446939642877,-97.22971381886677,0,0,1,1,1,1,1,0,0,0,0,0
14,2012,5,7,2012-05-07,22:52:00,9,OK,40,0,1.0,0,0,0,0,42.009054137053866,-96.0670635095089,0,0,1,1,1,1,1,0,0,0,0,0
15,2012,3,9,2012-03-09,13:07:00,3,OK,40,0,1.0,0,0,0,0,40.2762023423505,-81.68206190549051,0,0,1,1,1,1,1,0,0,0,0,0
16,2013,12,20,2013-12-20,20:31:00,9,OK,40,0,2.0,0,0,0,0,36.52150246159824,-82.54894819656023,0,0,1,1,1,1,1,0,0,0,0,0
17,2017,12,6,2017-12-06,20:32:00,3,OK,40,0,1.0,0,0,0,0,36.29008954093617,-97.55395784131763,0,0,1,1,1,1,1,0,0,0,0,0
18,2013,11,5,2013-11-05,07:04:00,9,OK,40,0,3.0,0,0,0,0,43.287381115821525,-94.42004189194866,0,0,1,1,1,1,1,0,0,0,0,0
19,2017,11,18,2017-11-18,14:52:00,9,OK,40,0,2.0,0,0,0,0,31.949817461261333,-87.2883131659418,0,0,1,1,1,1,1,0,0,0,0,0
20,2020,9,20,2020-09-20,23:27:00,9,OK,40,0,0.75,0,0,0,0,29.626928828755375,-94.80492704537278,0,0,1,1,1,1,1,0,0,0,0,0
21,2019,9,12,2019-09-12,20:24:00,3,OK,40,0,1.5,0,0,0,0,39.536848017822344,-99.95832242472841,0,0,1,1,1,1,1,0,0,0,0,0
22,2021,2,8,2021-02-08,05:42:00,3,OK,40,0,1.0,0,0,0,0,39.937599107497995,-85.97570866754357,0,0,1,1,1,1,1,0,0,0,0,0
23,2013,8,10,2013-08-10,07:55:00,9,OK,40,0,3.0,0,0,0,0,37.6625624559563,-96.13842852473167,0,0,1,1,1,1,1,0,0,0,0,0
24,2020,4,6,2020-04-06,04:08:00,9,OK,40,0,2.0,0,0,0,0,32.463121266328656,-93.50088913349151,0,0,1,1,1,1,1,0,0,0,0,0
25,2011,11,4,2011-11-04,15:44:00,3,OK,40,0,2.5,0,0,0,0,33.031202026881026,-94.32127128979064,0,0,1,1,1,1,1,0,0,0,0,0
26,2012,1,24,2012-01-24,09:53:00,3,OK,40,0,2.5,0,0,0,0,38.48973489064902,-96.95261604194816,0,0,1,1,1,1,1,0,0,0,0,0
27,2012,2,7,2012-02-07,05:26:00,3,OK,40,0,2.0,0,0,0,0,32.64029181991655,-97.28629790072863,0,0,1,1,1,1,1,0,0,0,0,0
28,2018,2,8,2018-02-08,01:38:00,9,OK,40,0,3.0,0,0,0,0,36.49356061081599,-97.10173009471319,0,0,1,1,1,1,1,0,0,0,0,0
29,2019,7,24,2019-07-24,20:27:00,3,OK,40,0,2.5,0,0,0,0,33.64526394803798,-80.65016629385325,0,0,1,1,1,1,1,0,0,0,0,0
30,2022,4,11,2022-04-11,00:34:00,9,OK,40,0,2.5,0,0,0,0,36.67744899428904,-85.4629823336542,0,0,1,1,1,1,1,0,0,0,0,0
31,2011,2,26,2011-02-26,01:43:00,9,OK,40,0,1.0,0,0,0,0,31.899186294720387,-81.19849243258732,0,0,1,1,1,1,1,0,0,0,0,0
32,2019,7,29,2019-07-29,19:12:00,3,OK,40,0,1.25,0,0,0,0,31.367028131359813,-88.56920139352225,0,0,1,1,1,1,1,0,0,0,0,0
33,2019,9,26,2019-09-26,09:47:00,9,OK,40,0,1.25,0,0,0,0,40.47797177681946,-93.37982481678117,0,0,1,1,1,1,1,0,0,0,0,0
34,2022,8,17,2022-08-17,02:08:00,3,OK,40,0,1.0,0,0,0,0,34.55736813512691,-96.72146299703721,0,0,1,1,1,1,1,0,0,0,0,0
35,2022,8,25,2022-08-25,16:40:00,3,OK,40,0,1.0,0,0,0,0,31.953625249800147,-90.33287409084332,0,0,1,1,1,1,1,0,0,0,0,0
36,2013,2,8,2013-02-08,23:56:00,3,OK,40,0,1.25,0,0,0,0,42.593146825196726,-90.13202979175065,0,0,1,1,1,1,1,0,0,0,0,0
37,2019,10,23,2019-10-23,18:45:00,3,OK,40,0,1.0,0,0,0,0,34.828908100843336,-84.45060346119848,0,0,1,1,1,1,1,0,0,0,0,0
38,2015,5,14,2015-05-14,10:32:00,3,OK,40,0,1.0,0,0,0,0,29.96979280942931,-89.43121032944074,0,0,1,1,1,1,1,0,0,0,0,0
39,2017,9,17,2017-09-17,16:00:00,3,OK,40,0,1.25,0,0,0,0,40.03681538537439,-96.10299307442953,0,0,1,1,1,1,1,0,0,0,0,0
40,2022,10,7,2022-10-07,17:47:00,3,OK,40,0,2.0,0,0,0,0,32.75952381710897,-83.71618594431186,0,0,1,1,1,1,1,0,0,0,0,0
41,2015,2,23,2015-02-23,08:17:00,9,OK,40,0,0.75,0,0,0,0,37.6091181711037,-97.0416797190432,0,0,1,1,1,1,1,0,0,0,0,0
42,2011,12,13,2011-12-13,17:12:00,9,OK,40,0,1.0,0,0,0,0,38.60278168445671,-89.42171978397498,0,0,1,1,1,1,1,0,0,0,0,0
43,2014,9,20,2014-09-20,17:16:00,9,OK,40,0,1.25,0,0,0,0,44.36376430856265,-99.15061604587089,0,0,1,1,1,1,1,0,0,0,0,0
44,2019,4,17,2019-04-17,05:53:00,9,OK,40,0,2.5,0,0,0,0,31.248720410457842,-92.61638111801541,0,0,1,1,1,1,1,0,0,0,0,0
45,2011,4,28,2011-04-28,09:56:00,9,OK,40,0,1.0,0,0,0,0,32.83092497359575,-86.56253657357854,0,0,1,1,1,1,1,0,0,0,0,0
46,2020,1,14,2020-01-14,06:11:00,9,OK,40,0,1.0,0,0,0,0,43.84773714533145,-97.22582983786931,0,0,1,1,1,1,1,0,0,0,0,0
47,2011,10,26,2011-10-26,12:15:00,9,OK,40,0,2.0,0,0,0,0,40.210979407338016,-89.50240015743196,0,0,1,1,1,1,1,0,0,0,0,0
48,2018,2,27,2018-02-27,06:28:00,9,OK,40,0,0.75,0,0,0,0,35.638626948578604,-89.22321662308316,0,0,1,1,1,1,1,0,0,0,0,0
49,2012,7,18,2012-07-18,15:51:00,9,OK,40,0,1.0,0,0,0,0,40.491147752897916,-81.81289775071443,0,0,1,1,1,1,1,0,0,0,0,0
50,2012,6,21,2012-06-21,01:00:00,9,OK,40,0,3.0,0,0,0,0,35.02754709456376,-90.66741252600158,0,0,1,1,1,1,1,0,0,0,0,0
51,2015,9,4,2015-09-04,14:46:00,9,OK,40,0,0.75,0,0,0,0,34.97087586344263,-98.4329823150138,0,0,1,1,1,1,1,0,0,0,0,0
52,2022,6,4,2022-06-04,05:28:00,9,OK,40,0,3.0,0,0,0,0,30.659084821809934,-97.0812541217375,0,0,1,1,1,1,1,0,0,0,0,0
53,2010,12,25,2010-12-25,09:36:00,3,OK,40,0,1.25,0,0,0,0,36.87482019207731,-94.48782719740161,0,0,1,1,1,1,1,0,0,0,0,0
54,2022,6,20,2022-06-20,05:18:00,3,OK,40,0,1.25,0,0,0,0,32.465295041145474,-84.02091964882268,0,0,1,1,1,1,1,0,0,0,0,0
55,2011,10,27,2011-10-27,06:17:00,3,OK,40,0,2.5,0,0,0,0,38.771088411206094,-94.89783342865233,0,0,1,1,1,1,1,0,0,0,0,0
56,2014,10,24,2014-10-24,11:25:00,9,OK,40,0,1.5,0,0,0,0,34.7763051082692,-87.81141416437596,0,0,1,1,1,1,1,0,0,0,0,0
57,2014,3,22,2014-03-22,16:40:00,9,OK,40,0,2.0,0,0,0,0,42.513257556398074,-98.43236620596123,0,0,1,1,1,1,1,0,0,0,0,0
58,2018,3,12,2018-03-12,19:25:00,9,OK,40,0,1.25,0,0,0,0,41.1131640492189,-95.95709160827091,0,0,1,1,1,1,1,0,0,0,0,0
59,2018,2,17,2018-02-17,23:04:00,9,OK,40,0,2.5,0,0,0,0,30.514864964290506,-87.6171434837325,0,0,1,1,1,1,1,0,0,0,0,0
60,2016,3,4,2016-03-04,18:10:00,3,OK,40,0,1.0,0,0,0,0,38.04856337415546,-98.03722492340765,0,0,1,1,1,1,1,0,0,0,0,0
61,2018,8,12,2018-08-12,16:33:00,3,OK,40,0,1.0,0,0,0,0,40.133590548224674,-85.68914819649063,0,0,1,1,1,1,1,0,0,0,0,0
62,2019,10,8,2019-10-08,09:22:00,3,OK,40,0,3.0,0,0,0,0,36.74549549736703,-91.01799594856496,0,0,1,1,1,1,1,0,0,0,0,0
63,2010,1,29,2010-01-29,10:33:00,3,OK,40,0,1.25,0,0,0,0,29.937103793844095,-94.40849497228317,0,0,1,1,1,1,1,0,0,0,0,0
64,2013,11,24,2013-11-24,09:46:00,9,OK,40,0,1.5,0,0,0,0,36.5552057001069,-82.52199495470691,0,0,1,1,1,1,1,0,0,0,0,0
65,2023,2,24,2023-02-24,09:18:00,9,OK,40,0,2.5,0,0,0,0,35.35928282415706,-86.53683706163304,0,0,1,1,1,1,1,0,0,0,0,0
66,2018,7,6,2018-07-06,07:35:00,9,OK,40,0,2.0,0,0,0,0,33.5378254117692,-98.71631235291764,0,0,1,1,1,1,1,0,0,0,0,0
67,2011,10,10,2011-10-10,23:48:00,3,OK,40,0,2.5,0,0,0,0,37.903104716284496,-86.59604724215619,0,0,1,1,1,1,1,0,0,0,0,0
68,2021,4,30,2021-04-30,22:20:00,3,OK,40,0,3.0,0,0,0,0,33.522829660789895,-96.03241526817907,0,0,1,1,1,1,1,0,0,0,0,0
69,2017,10,15,2017-10-15,10:05:00,9,OK,40,0,1.5,0,0,0,0,32.00446367908994,-81.59482174872616,0,0,1,1,1,1,1,0,0,0,0,0
70,2022,4,6,2022-04-06,11:58:00,9,OK,40,0,0.75,0,0,0,0,40.51032168153448,-96.92536021069417,0,0,1,1,1,1,1,0,0,0,0,0
71,2010,7,2,2010-07-02,07:35:00,9,OK,40,0,2.0,0,0,0,0,31.62730736350322,-87.66620887391701,0,0,1,1,1,1,1,0,0,0,0,0
72,2015,1,19,2015-01-19,00:47:00,9,OK,40,0,2.0,0,0,0,0,41.68990034234122,-95.15186991686029,0,0,1,1,1,1,1,0,0,0,0,0
73,2013,12,10,2013-12-10,22:13:00,3,OK,40,0,1.0,0,0,0,0,44.645737105712456,-81.15667035909685,0,0,1,1,1,1,1,0,0,0,0,0
74,2021,6,14,2021-06-14,00:40:00,9,OK,40,0,2.0,0,0,0,0,35.501058179703705,-93.51065608945845,0,0,1,1,1,1,1,0,0,0,0,0
75,2018,6,23,2018-06-23,02:39:00,3,OK,40,0,2.0,0,0,0,0,41.810670561861734,-88.20726873831593,0,0,1,1,1,1,1,0,0,0,0,0
76,2023,7,4,2023-07-04,22:30:00,3,OK,40,0,3.0,0,0,0,0,30.86225138262692,-97.40981247427614,0,0,1,1,1,1,1,0,0,0,0,0
77,2017,3,9,2017-03-09,15:11:00,9,OK,40,0,1.0,0,0,0,0,41.55415953741366,-90.41255888482944,0,0,1,1,1,1,1,0,0,0,0,0
78,2020,11,29,2020-11-29,08:08:00,9,OK,40,0,2.0,0,0,0,0,44.36194169507347,-87.82327421577821,0,0,1,1,1,1,1,0,0,0,0,0
79,2015,10,18,2015-10-18,15:57:00,3,OK,40,0,1.5,0,0,0,0,36.78939770088835,-84.58607621795348,0,0,1,1,1,1,1,0,0,0,0,0
80,2018,12,20,2018-12-20,22:26:00,9,OK,40,0,2.0,0,0,0,0,32.34723667153497,-88.85865012344317,0,0,1,1,1,1,1,0,0,0,0,0
81,2020,11,14,2020-11-14,19:40:00,9,OK,40,0,1.25,0,0,0,0,30.73404656070265,-85.9280229584134,0,0,1,1,1,1,1,0,0,0,0,0
82,2019,10,19,2019-10-19,14:31:00,3,OK,40,0,3.0,0,0,0,0,43.5826560978257,-82.81836990540496,0,0,1,1,1,1,1,0,0,0,0,0
83,2019,7,28,2019-07-28,02:26:00,3,OK,40,0,2.0,0,0,0,0,33.5177331576738,-94.02886510204459,0,0,1,1,1,1,1,0,0,0,0,0
84,2011,5,26,2011-05-26,03:50:00,9,OK,40,0,2.0,0,0,0,0,36.44906342501212,-93.19666132138944,0,0,1,1,1,1,1,0,0,0,0,0
85,2014,6,28,2014-06-28,01:37:00,9,OK,40,0,0.75,0,0,0,0,35.36833636992138,-99.40852297686985,0,0,1,1,1,1,1,0,0,0,0,0
86,2013,6,25,2013-06-25,10:19:00,3,OK,40,0,0.75,0,0,0,0,35.39866384775807,-88.9147637426916,0,0,1,1,1,1,1,0,0,0,0,0
87,2021,7,26,2021-07-26,04:55:00,9,OK,40,0,2.5,0,0,0,0,41.00939042767121,-80.56938143306908,0,0,1,1,1,1,1,0,0,0,0,0
88,2019,8,2,2019-08-02,00:31:00,3,OK,40,0,1.5,0,0,0,0,43.89769142835547,-85.27794601398267,0,0,1,1,1,1,1,0,0,0,0,0
89,2013,10,17,2013-10-17,18:06:00,9,OK,40,0,0.75,0,0,0,0,38.82516951287714,-80.14828959005413,0,0,1,1,1,1,1,0,0,0,0,0
90,2023,2,5,2023-02-05,06:51:00,9,OK,40,0,2.5,0,0,0,0,44.27134978160262,-90.9129584728536,0,0,1,1,1,1,1,0,0,0,0,0
91,2017,7,20,2017-07-20,23:37:00,9,OK,40,0,1.5,0,0,0,0,31.237559366336573,-85.05052843034667,0,0,1,1,1,1,1,0,0,0,0,0
92,2019,10,2,2019-10-02,12:11:00,9,OK,40,0,2.5,0,0,0,0,37.58693370268274,-96.77583455475659,0,0,1,1,1,1,1,0,0,0,0,0
93,2015,9,16,2015-09-16,15:15:00,3,OK,40,0,0.75,0,0,0,0,39.653618751432646,-91.55987071017796,0,0,1,1,1,1,1,0,0,0,0,0
94,2013,11,13,2013-11-13,23:44:00,3,OK,40,0,0.75,0,0,0,0,40.15459760364467,-87.12772254565095,0,0,1,1,1,1,1,0,0,0,0,0
95,2014,11,23,2014-11-23,16:53:00,3,OK,40,0,3.0,0,0,0,0,40.84940666869498,-90.99375883913976,0,0,1,1,1,1,1,0,0,0,0,0
96,2012,10,6,2012-10-06,18:04:00,9,OK,40,0,1.0,0,0,0,0,33.6635517277808,-99.40555631756145,0,0,1,1,1,1,1,0,0,0,0,0
97,2021,10,27,2021-10-27,13:35:00,3,OK,40,0,1.5,0,0,0,0,42.99730785154401,-93.6631478098608,0,0,1,1,1,1,1,0,0,0,0,0
98,2023,4,6,2023-04-06,01:50:00,3,OK,40,0,2.5,0,0,0,0,30.238994561682315,-86.47864485938801,0,0,1,1,1,1,1,0,0,0,0,0
99,2021,9,26,2021-09-26,22:17:00,3,OK,40,0,2.0,0,0,0,0,32.735107143933206,-92.09612558841692,0,0,1,1,1,1,1,0,0,0,0,0
100,2023,2,3,2023-02-03,03:44:00,9,OK,40,0,0.75,0,0,0,0,35.96813800980263,-91.03190110827344,0,0,1,1,1,1,1,0,0,0,0,0
101,2016,11,12,2016-11-12,06:25:00,9,OK,40,0,1.5,0,0,0,0,38.06396757399348,-82.87641647532388,0,0,1,1,1,1,1,0,0,0,0,0
102,2015,1,9,2015-01-09,07:54:00,3,OK,40,0,2.0,0,0,0,0,33.01983108792958,-94.61218339311017,0,0,1,1,1,1,1,0,0,0,0,0
103,2016,1,18,2016-01-18,20:58:00,9,OK,40,0,0.75,0,0,0,0,43.4330359641731,-87.6813677094346,0,0,1,1,1,1,1,0,0,0,0,0
104,2012,6,16,2012-06-16,16:12:00,9,OK,40,0,1.25,0,0,0,0,35.68139613579904,-83.08458886323228,0,0,1,1,1,1,1,0,0,0,0,0
105,2023,4,7,2023-04-07,02:00:00,3,OK,40,0,2.0,0,0,0,0,29.705734679966643,-83.85698746096084,0,0,1,1,1,1,1,0,0,0,0,0
106,2013,4,14,2013-04-14,10:32:00,3,OK,40,0,3.0,0,0,0,0,41.9238800183666,-95.2255266710897,0,0,1,1,1,1,1,0,0,0,0,0
107,2020,4,4,2020-04-04,19:06:00,3,OK,40,0,0.75,0,0,0,0,44.4127162277634,-98.9782045868474,0,0,1,1,1,1,1,0,0,0,0,0
108,2019,3,25,2019-03-25,02:35:00,9,OK,40,0,0.75,0,0,0,0,33.88757005145936,-94.4634441933295,0,0,1,1,1,1,1,0,0,0,0,0
109,2022,3,19,2022-03-19,00:41:00,9,OK,40,0,2.5,0,0,0,0,37.428940937948695,-96.47193189534785,0,0,1,1,1,1,1,0,0,0,0,0
110,2011,3,3,2011-03-03,06:40:00,9,OK,40,0,2.0,0,0,0,0,37.91220024739178,-99.4457850100372,0,0,1,1,1,1,1,0,0,0,0,0
111,2020,7,3,2020-07-03,13:19:00,9,OK,40,0,1.5,0,0,0,0,41.62755561962348,-93.91276713028486,0,0,1,1,1,1,1,0,0,0,0,0
112,2019,12,10,2019-12-10,06:59:00,3,OK,40,0,1.0,0,0,0,0,30.581250655646784,-89.58377220021941,0,0,1,1,1,1,1,0,0,0,0,0
113,2012,9,26,2012-09-26,15:35:00,3,OK,40,0,2.5,0,0,0,0,42.301319088510766,-86.9936204278042,0,0,1,1,1,1,1,0,0,0,0,0
114,2020,5,30,2020-05-30,05:29:00,3,OK,40,0,0.75,0,0,0,0,40.26736152127243,-92.44209534063963,0,0,1,1,1,1,1,0,0,0,0,0
115,2014,6,30,2014-06-30,13:42:00,3,OK,40,0,1.5,0,0,0,0,28.593641631000708,-95.91434155207277,0,0,1,1,1,1,1,0,0,0,0,0
116,2014,4,26,2014-04-26,09:23:00,3,OK,40,0,1.25,0,0,0,0,37.637557911627965,-88.61387933609694,0,0,1,1,1,1,1,0,0,0,0,0
117,2017,4,22,2017-04-22,23:25:00,3,OK,40,0,2.5,0,0,0,0,28.476574040852356,-84.9526738824718,0,0,1,1,1,1,1,0,0,0,0,0
118,2022,3,23,2022-03-23,19:20:00,3,OK,40,0,2.0,0,0,0,0,36.439479104712674,-86.10096624441864,0,0,1,1,1,1,1,0,0,0,0,0
119,2019,8,1,2019-08-01,22:59:00,3,OK,40,0,1.5,0,0,0,0,38.19002300290247,-82.86030886066203,0,0,1,1,1,1,1,0,0,0,0,0
120,2017,12,18,2017-12-18,13:44:00,9,OK,40,0,3.0,0,0,0,0,38.792954995696064,-94.72265950754604,0,0,1,1,1,1,1,0,0,0,0,0
121,2022,6,11,2022-06-11,21:08:00,3,OK,40,0,1.5,0,0,0,0,43.756937367691094,-89.93980335559839,0,0,1,1,1,1,1,0,0,0,0,0
122,2012,12,4,2012-12-04,13:38:00,3,OK,40,0,1.5,0,0,0,0,33.04996932063332,-90.23125192510935,0,0,1,1,1,1,1,0,0,0,0,0
123,2018,1,20,2018-01-20,02:22:00,9,OK,40,0,1.0,0,0,0,0,42.35761961555443,-93.56834834243023,0,0,1,1,1,1,1,0,0,0,0,0
124,2019,11,16,2019-11-16,09:39:00,9,OK,40,0,1.0,0,0,0,0,35.68776062729705,-86.27158026755886,0,0,1,1,1,1,1,0,0,0,0,0
125,2018,12,28,2018-12-28,01:50:00,3,OK,40,0,2.5,0,0,0,0,39.33797761300363,-97.31531590370469,0,0,1,1,1,1,1,0,0,0,0,0
126,2022,1,23,2022-01-23,13:53:00,3,OK,40,0,2.5,0,0,0,0,41.735038189684765,-83.8970173457113,0,0,1,1,1,1,1,0,0,0,0,0
127,2011,5,17,2011-05-17,20:15:00,9,OK,40,0,1.25,0,0,0,0,40.3086998204498,-99.26761651673405,0,0,1,1,1,1,1,0,0,0,0,0
128,2019,4,14,2019-04-14,00:04:00,9,OK,40,0,3.0,0,0,0,0,41.52351001111194,-92.2364030203453,0,0,1,1,1,1,1,0,0,0,0,0
129,2011,12,26,2011-12-26,14:11:00,3,OK,40,0,0.75,0,0,0,0,38.8131816225224,-87.85359308869435,0,0,1,1,1,1,1,0,0,0,0,0
130,2019,11,2,2019-11-02,04:26:00,9,OK,40,0,1.0,0,0,0,0,41.61327035138378,-91.51271825869611,0,0,1,1,1,1,1,0,0,0,0,0
131,2023,11,15,2023-11-15,07:11:00,9,OK,40,0,2.5,0,0,0,0,43.45322910515184,-86.8861570864184,0,0,1,1,1,1,1,0,0,0,0,0
132,2012,3,20,2012-03-20,16:26:00,3,OK,40,0,1.0,0,0,0,0,43.375120306376886,-99.22398770173704,0,0,1,1,1,1,1,0,0,0,0,0
133,2023,10,6,2023-10-06,09:12:00,3,OK,40,0,1.0,0,0,0,0,33.57409973157096,-82.65678984721097,0,0,1,1,1,1,1,0,0,0,0,0
134,2013,4,13,2013-04-13,12:28:00,3,OK,40,0,1.0,0,0,0,0,44.523538065039325,-98.44685746153468,0,0,1,1,1,1,1,0,0,0,0,0
135,2017,7,26,2017-07-26,17:00:00,9,OK,40,0,2.5,0,0,0,0,28.980338937305095,-94.24507355767638,0,0,1,1,1,1,1,0,0,0,0,0
136,2019,2,8,2019-02-08,04:05:00,3,OK,40,0,3.0,0,0,0,0,38.478845788346845,-94.13262168287984,0,0,1,1,1,1,1,0,0,0,0,0
137,2011,12,14,2011-12-14,16:57:00,9,OK,40,0,2.5,0,0,0,0,36.41881748093265,-99.76372725657069,0,0,1,1,1,1,1,0,0,0,0,0
138,2013,8,28,2013-08-28,16:38:00,3,OK,40,0,1.25,0,0,0,0,31.918093192711723,-98.11952238967143,0,0,1,1,1,1,1,0,0,0,0,0
139,2014,11,16,2014-11-16,16:13:00,3,OK,40,0,1.5,0,0,0,0,37.097516825858136,-82.96232141735854,0,0,1,1,1,1,1,0,0,0,0,0
140,2010,10,31,2010-10-31,03:22:00,3,OK,40,0,2.0,0,0,0,0,29.12122921490152,-84.48370304474362,0,0,1,1,1,1,1,0,0,0,0,0
141,2017,1,11,2017-01-11,08:59:00,9,OK,40,0,3.0,0,0,0,0,37.41314067903466,-85.24013041072405,0,0,1,1,1,1,1,0,0,0,0,0
142,2010,9,6,2010-09-06,22:59:00,3,OK,40,0,2.0,0,0,0,0,42.5259125118554,-86.21407593781129,0,0,1,1,1,1,1,0,0,0,0,0
143,2022,1,26,2022-01-26,02:24:00,9,OK,40,0,1.5,0,0,0,0,30.396531013569316,-98.50939832053842,0,0,1,1,1,1,1,0,0,0,0,0
144,2021,6,13,2021-06-13,00:26:00,9,OK,40,0,0.75,0,0,0,0,33.53098717459482,-94.02685131440266,0,0,1,1,1,1,1,0,0,0,0,0
145,2013,1,15,2013-01-15,06:05:00,9,OK,40,0,1.25,0,0,0,0,38.729095607880595,-99.8685344469878,0,0,1,1,1,1,1,0,0,0,0,0
146,2010,1,20,2010-01-20,21:18:00,9,OK,40,0,1.25,0,0,0,0,34.1081217376812,-98.78957958434451,0,0,1,1,1,1,1,0,0,0,0,0
147,2020,4,13,2020-04-13,22:44:00,9,OK,40,0,1.0,0,0,0,0,35.0550514615106,-99.24224808419724,0,0,1,1,1,1,1,0,0,0,0,0
148,2019,10,20,2019-10-20,17:46:00,3,OK,40,0,1.5,0,0,0,0,33.75366526872035,-96.0213199134583,0,0,1,1,1,1,1,0,0,0,0,0
149,2022,3,12,2022-03-12,04:28:00,9,OK,40,0,1.0,0,0,0,0,36.205388225267335,-98.87432905732656,0,0,1,1,1,1,1,0,0,0,0,0
150,2013,9,28,2013-09-28,04:03:00,9,OK,40,0,2.0,0,0,0,0,34.344331213364185,-99.66232431141988,0,0,1,1,1,1,1,0,0,0,0,0
151,2016,8,6,2016-08-06,02:23:00,9,OK,40,0,2.0,0,0,0,0,30.45222149517988,-95.10170536753324,0,0,1,1,1,1,1,0,0,0,0,0
152,2014,11,16,2014-11-16,11:09:00,9,OK,40,0,1.5,0,0,0,0,31.37981753537746,-84.02292152868934,0,0,1,1,1,1,1,0,0,0,0,0
153,2021,5,26,2021-05-26,10:51:00,3,OK,40,0,3.0,0,0,0,0,29.347192030395465,-98.87377990641946,0,0,1,1,1,1,1,0,0,0,0,0
154,2023,10,1,2023-10-01,02:05:00,9,OK,40,0,2.0,0,0,0,0,35.950170151224704,-80.309015313643,0,0,1,1,1,1,1,0,0,0,0,0
155,2018,2,13,2018-02-13,11:26:00,3,OK,40,0,2.5,0,0,0,0,42.371866886648476,-86.84833527183692,0,0,1,1,1,1,1,0,0,0,0,0
156,2013,5,18,2013-05-18,12:33:00,9,OK,40,0,1.25,0,0,0,0,29.539368417548214,-82.6635823880686,0,0,1,1,1,1,1,0,0,0,0,0
157,2020,6,20,2020-06-20,20:01:00,3,OK,40,0,1.0,0,0,0,0,39.198333457757855,-86.78598084845603,0,0,1,1,1,1,1,0,0,0,0,0
158,2016,11,28,2016-11-28,09:32:00,9,OK,40,0,1.25,0,0,0,0,35.14379372770954,-84.46252520273482,0,0,1,1,1,1,1,0,0,0,0,0
159,2017,6,14,2017-06-14,03:20:00,9,OK,40,0,1.5,0,0,0,0,42.81347736711053,-93.98442290577067,0,0,1,1,1,1,1,0,0,0,0,0
160,2019,7,29,2019-07-29,19:57:00,3,OK,40,0,1.5,0,0,0,0,34.176330279122226,-94.8535060235279,0,0,1,1,1,1,1,0,0,0,0,0
161,2017,9,10,2017-09-10,06:47:00,3,OK,40,0,2.0,0,0,0,0,39.8055376084432,-86.71150044622138,0,0,1,1,1,1,1,0,0,0,0,0
162,2014,9,4,2014-09-04,10:27:00,3,OK,40,0,0.75,0,0,0,0,34.78490785111249,-88.73691293208051,0,0,1,1,1,1,1,0,0,0,0,0
163,2015,10,1,2015-10-01,16:42:00,3,OK,40,0,2.5,0,0,0,0,37.213123496792875,-89.88673484617789,0,0,1,1,1,1,1,0,0,0,0,0
164,2018,5,4,2018-05-04,08:12:00,9,OK,40,0,0.75,0,0,0,0,41.17407590451929,-96.45489508899377,0,0,1,1,1,1,1,0,0,0,0,0
165,2011,4,12,2011-04-12,05:31:00,3,OK,40,0,1.5,0,0,0,0,44.45357041864092,-95.3870295359001,0,0,1,1,1,1,1,0,0,0,0,0
166,2016,10,22,2016-10-22,15:45:00,9,OK,40,0,1.25,0,0,0,0,30.293086608625515,-89.00549775517159,0,0,1,1,1,1,1,0,0,0,0,0
167,2015,6,23,2015-06-23,05:27:00,3,OK,40,0,2.5,0,0,0,0,36.99465003477377,-91.80163917504566,0,0,1,1,1,1,1,0,0,0,0,0
168,2020,7,3,2020-07-03,18:58:00,9,OK,40,0,1.0,0,0,0,0,30.248566920534753,-80.74975411414474,0,0,1,1,1,1,1,0,0,0,0,0
169,2022,1,21,2022-01-21,00:03:00,3,OK,40,0,0.75,0,0,0,0,28.518563242420438,-88.94355288619947,0,0,1,1,1,1,1,0,0,0,0,0
170,2016,10,13,2016-10-13,04:51:00,3,OK,40,0,0.75,0,0,0,0,40.71516054430457,-91.36576671898935,0,0,1,1,1,1,1,0,0,0,0,0
171,2013,6,10,2013-06-10,00:20:00,3,OK,40,0,1.25,0,0,0,0,44.715612420350226,-80.98802293531533,0,0,1,1,1,1,1,0,0,0,0,0
172,2019,5,15,2019-05-15,05:10:00,3,OK,40,0,1.5,0,0,0,0,38.12185581331676,-98.16772298362494,0,0,1,1,1,1,1,0,0,0,0,0
173,2010,5,13,2010-05-13,18:51:00,9,OK,40,0,2.0,0,0,0,0,29.231354965076772,-94.56436017033461,0,0,1,1,1,1,1,0,0,0,0,0
174,2017,7,7,2017-07-07,13:09:00,3,OK,40,0,2.5,0,0,0,0,29.04937564149817,-93.07211128634631,0,0,1,1,1,1,1,0,0,0,0,0
175,2011,5,6,2011-05-06,19:05:00,9,OK,40,0,1.25,0,0,0,0,33.347305182352756,-82.92994764263238,0,0,1,1,1,1,1,0,0,0,0,0
176,2012,2,24,2012-02-24,02:13:00,3,OK,40,0,1.5,0,0,0,0,34.475029027282154,-84.67176032084394,0,0,1,1,1,1,1,0,0,0,0,0
177,2012,12,13,2012-12-13,15:40:00,3,OK,40,0,2.5,0,0,0,0,28.065730232097348,-93.9057165035897,0,0,1,1,1,1,1,0,0,0,0,0
178,2015,6,29,2015-06-29,08:17:00,9,OK,40,0,2.5,0,0,0,0,42.32560935325248,-82.54873284940831,0,0,1,1,1,1,1,0,0,0,0,0
179,2011,12,8,2011-12-08,09:58:00,3,OK,40,0,1.0,0,0,0,0,35.96585602850726,-98.74886669740914,0,0,1,1,1,1,1,0,0,0,0,0
180,2021,3,1,2021-03-01,00:45:00,3,OK,40,0,1.5,0,0,0,0,44.92703059536879,-90.1306611981577,0,0,1,1,1,1,1,0,0,0,0,0
181,2012,8,10,2012-08-10,06:25:00,3,OK,40,0,2.0,0,0,0,0,43.03049789661067,-86.90631524651847,0,0,1,1,1,1,1,0,0,0,0,0
182,2022,5,2,2022-05-02,00:03:00,3,OK,40,0,1.5,0,0,0,0,36.51319723280153,-93.75611371249563,0,0,1,1,1,1,1,0,0,0,0,0
183,2012,1,20,2012-01-20,09:00:00,3,OK,40,0,1.5,0,0,0,0,38.659988170524606,-98.61657855217959,0,0,1,1,1,1,1,0,0,0,0,0
184,2012,11,5,2012-11-05,17:54:00,9,OK,40,0,3.0,0,0,0,0,33.34738398728546,-94.85679381260941,0,0,1,1,1,1,1,0,0,0,0,0
185,2019,5,19,2019-05-19,03:14:00,3,OK,40,0,1.25,0,0,0,0,33.15705377502926,-90.3245645509945,0,0,1,1,1,1,1,0,0,0,0,0
186,2019,5,10,2019-05-10,05:52:00,9,OK,40,0,2.0,0,0,0,0,30.213484357581944,-93.63787279857823,0,0,1,1,1,1,1,0,0,0,0,0
187,2016,8,5,2016-08-05,17:14:00,3,OK,40,0,2.0,0,0,0,0,37.271803678038914,-91.68656287068485,0,0,1,1,1,1,1,0,0,0,0,0
188,2022,12,23,2022-12-23,18:23:00,3,OK,40,0,0.75,0,0,0,0,29.388411506419274,-98.13750764570288,0,0,1,1,1,1,1,0,0,0,0,0
189,2016,9,17,2016-09-17,13:06:00,3,OK,40,0,0.75,0,0,0,0,35.59661420688346,-99.71452913016631,0,0,1,1,1,1,1,0,0,0,0,0
190,2011,10,15,2011-10-15,11:15:00,3,OK,40,0,1.0,0,0,0,0,33.4693151387586,-82.44774704826621,0,0,1,1,1,1,1,0,0,0,0,0
191,2021,7,12,2021-07-12,00:05:00,9,OK,40,0,1.0,0,0,0,0,41.43906670193152,-98.43776508292342,0,0,1,1,1,1,1,0,0,0,0,0
192,2019,3,27,2019-03-27,21:54:00,9,OK,40,0,2.0,0,0,0,0,34.484575434340215,-94.14350848059024,0,0,1,1,1,1,1,0,0,0,0,0
193,2015,2,10,2015-02-10,06:00:00,3,OK,40,0,2.5,0,0,0,0,43.32542013144884,-86.71909252499478,0,0,1,1,1,1,1,0,0,0,0,0
194,2017,7,14,2017-07-14,12:39:00,3,OK,40,0,2.5,0,0,0,0,31.222017311542935,-83.10991139364823,0,0,1,1,1,1,1,0,0,0,0,0
195,2012,9,15,2012-09-15,09:07:00,9,OK,40,0,1.5,0,0,0,0,43.81929176075502,-93.57474526634917,0,0,1,1,1,1,1,0,0,0,0,0
196,2022,3,28,2022-03-28,17:17:00,9,OK,40,0,0.75,0,0,0,0,38.085872958268936,-86.95862996461665,0,0,1,1,1,1,1,0,0,0,0,0
197,2014,10,26,2014-10-26,12:32:00,9,OK,40,0,1.0,0,0,0,0,30.0441072378397,-90.55737413525229,0,0,1,1,1,1,1,0,0,0,0,0
198,2015,7,18,2015-07-18,18:58:00,3,OK,40,0,2.0,0,0,0,0,36.536552898499,-98.97973933856107,0,0,1,1,1,1,1,0,0,0,0,0
199,2013,8,14,2013-08-14,06:29:00,3,OK,40,0,3.0,0,0,0,0,32.55460918564293,-91.83273993676914,0,0,1,1,1,1,1,0,0,0,0,0
200,2011,9,15,2011-09-15,15:31:00,3,OK,40,0,1.5,0,0,0,0,40.73362044836476,-99.40303895068708,0,0,1,1,1,1,1,0,0,0,0,0
201,2011,2,5,2011-02-05,22:15:00,9,OK,40,0,1.25,0,0,0,0,39.07226045979203,-80.71619404986397,0,0,1,1,1,1,1,0,0,0,0,0
202,2015,9,15,2015-09-15,07:11:00,3,OK,40,0,1.5,0,0,0,0,29.066520692404517,-84.7563240001085,0,0,1,1,1,1,1,0,0,0,0,0
203,2015,3,14,2015-03-14,00:43:00,9,OK,40,0,0.75,0,0,0,0,35.098285737760946,-93.21415340847422,0,0,1,1,1,1,1,0,0,0,0,0
204,2014,7,12,2014-07-12,05:31:00,9,OK,40,0,2.5,0,0,0,0,43.08131545283211,-95.30519139971997,0,0,1,1,1,1,1,0,0,0,0,0
205,2013,1,10,2013-01-10,04:18:00,9,OK,40,0,1.5,0,0,0,0,34.93305887494931,-91.99345662537765,0,0,1,1,1,1,1,0,0,0,0,0
206,2015,9,17,2015-09-17,07:43:00,9,OK,40,0,0.75,0,0,0,0,40.64171954812149,-93.67671085475573,0,0,1,1,1,1,1,0,0,0,0,0
207,2022,8,15,2022-08-15,13:38:00,9,OK,40,0,1.25,0,0,0,0,29.927503710936392,-92.58411182357314,0,0,1,1,1,1,1,0,0,0,0,0
208,2016,1,29,2016-01-29,11:22:00,3,OK,40,0,1.5,0,0,0,0,42.7375826573643,-81.62571141084364,0,0,1,1,1,1,1,0,0,0,0,0
209,2019,5,11,2019-05-11,04:07:00,3,OK,40,0,1.25,0,0,0,0,36.54133997754536,-91.90949712813041,0,0,1,1,1,1,1,0,0,0,0,0
210,2014,3,18,2014-03-18,06:52:00,9,OK,40,0,0.75,0,0,0,0,44.10872685991143,-85.17201017585657,0,0,1,1,1,1,1,0,0,0,0,0
211,2010,12,21,2010-12-21,06:35:00,3,OK,40,0,0.75,0,0,0,0,37.13445992235021,-96.86373958214384,0,0,1,1,1,1,1,0,0,0,0,0
212,2023,6,6,2023-06-06,08:19:00,9,OK,40,0,0.75,0,0,0,0,41.076836626214565,-89.32637847003403,0,0,1,1,1,1,1,0,0,0,0,0
213,2018,8,21,2018-08-21,06:05:00,3,OK,40,0,2.5,0,0,0,0,44.52593623071165,-90.12532073058739,0,0,1,1,1,1,1,0,0,0,0,0
214,2011,7,8,2011-07-08,16:49:00,3,OK,40,0,2.0,0,0,0,0,40.39889916880936,-88.17536106591297,0,0,1,1,1,1,1,0,0,0,0,0
215,2010,11,7,2010-11-07,02:00:00,3,OK,40,0,0.75,0,0,0,0,37.813646718134436,-86.40225020271416,0,0,1,1,1,1,1,0,0,0,0,0
216,2014,9,8,2014-09-08,16:43:00,3,OK,40,0,1.0,0,0,0,0,34.23403837335857,-82.77961116370805,0,0,1,1,1,1,1,0,0,0,0,0
217,2014,6,17,2014-06-17,00:01:00,3,OK,40,0,1.5,0,0,0,0,28.72292648794045,-95.40065506526686,0,0,1,1,1,1,1,0,0,0,0,0
218,2015,4,4,2015-04-04,04:50:00,9,OK,40,0,2.5,0,0,0,0,35.35327705568566,-92.36931778683481,0,0,1,1,1,1,1,0,0,0,0,0
219,2017,10,28,2017-10-28,00:53:00,3,OK,40,0,3.0,0,0,0,0,35.01216778481763,-98.85634424027712,0,0,1,1,1,1,1,0,0,0,0,0
220,2020,8,14,2020-08-14,17:58:00,9,OK,40,0,3.0,0,0,0,0,41.99205837983841,-87.51637440224518,0,0,1,1,1,1,1,0,0,0,0,0
221,2016,3,5,2016-03-05,16:14:00,9,OK,40,0,2.0,0,0,0,0,31.21729600536548,-81.30480171327562,0,0,1,1,1,1,1,0,0,0,0,0
222,2023,9,30,2023-09-30,08:52:00,3,OK,40,0,1.25,0,0,0,0,40.62496248321543,-92.07605782546716,0,0,1,1,1,1,1,0,0,0,0,0
223,2013,6,20,2013-06-20,21:57:00,3,OK,40,0,1.25,0,0,0,0,28.6385814191086,-80.56497837312321,0,0,1,1,1,1,1,0,0,0,0,0
224,2010,2,23,2010-02-23,18:18:00,3,OK,40,0,1.0,0,0,0,0,43.06821057760139,-88.04249510663739,0,0,1,1,1,1,1,0,0,0,0,0
225,2013,1,6,2013-01-06,16:41:00,3,OK,40,0,1.5,0,0,0,0,39.35502413392086,-95.77506581413961,0,0,1,1,1,1,1,0,0,0,0,0
226,2014,8,25,2014-08-25,21:06:00,9,OK,40,0,2.5,0,0,0,0,35.18154438360036,-89.40941949495179,0,0,1,1,1,1,1,0,0,0,0,0
227,2016,11,15,2016-11-15,10:36:00,3,OK,40,0,1.0,0,0,0,0,32.51363127627834,-87.19908908954952,0,0,1,1,1,1,1,0,0,0,0,0
228,2016,8,18,2016-08-18,00:43:00,9,OK,40,0,3.0,0,0,0,0,31.134817681620856,-86.67454335254232,0,0,1,1,1,1,1,0,0,0,0,0
229,2012,6,23,2012-06-23,08:49:00,3,OK,40,0,2.5,0,0,0,0,37.95596730654319,-87.239163832887,0,0,1,1,1,1,1,0,0,0,0,0
230,2015,9,26,2015-09-26,05:32:00,9,OK,40,0,1.5,0,0,0,0,34.97405747443506,-96.20772061323088,0,0,1,1,1,1,1,0,0,0,0,0
231,2020,2,20,2020-02-20,06:11:00,9,OK,40,0,3.0,0,0,0,0,40.63138917306521,-95.83378826923354,0,0,1,1,1,1,1,0,0,0,0,0
232,2023,7,21,2023-07-21,10:23:00,3,OK,40,0,2.5,0,0,0,0,43.41516737528858,-95.17073898316805,0,0,1,1,1,1,1,0,0,0,0,0
233,2010,9,28,2010-09-28,13:59:00,9,OK,40,0,1.25,0,0,0,0,33.02607628289089,-85.34012168944568,0,0,1,1,1,1,1,0,0,0,0,0
234,2016,4,23,2016-04-23,20:24:00,9,OK,40,0,1.0,0,0,0,0,39.048306072456626,-90.01290951694865,0,0,1,1,1,1,1,0,0,0,0,0
235,2022,5,28,2022-05-28,20:50:00,3,OK,40,0,3.0,0,0,0,0,35.186277272331544,-86.5748885118624,0,0,1,1,1,1,1,0,0,0,0,0
236,2011,5,1,2011-05-01,13:08:00,9,OK,40,0,1.25,0,0,0,0,28.726562881353697,-84.01273179158571,0,0,1,1,1,1,1,0,0,0,0,0
237,2016,2,9,2016-02-09,02:53:00,3,OK,40,0,1.5,0,0,0,0,38.462355440756184,-88.71860959197464,0,0,1,1,1,1,1,0,0,0,0,0
238,2018,2,1,2018-02-01,04:19:00,9,OK,40,0,1.0,0,0,0,0,34.18294361905735,-90.57717918164762,0,0,1,1,1,1,1,0,0,0,0,0
239,2014,12,31,2014-12-31,16:02:00,9,OK,40,0,2.5,0,0,0,0,28.233342770548457,-91.94969806009998,0,0,1,1,1,1,1,0,0,0,0,0
240,2019,1,30,2019-01-30,14:50:00,3,OK,40,0,1.0,0,0,0,0,36.02875967810844,-89.27474259804865,0,0,1,1,1,1,1,0,0,0,0,0
241,2014,4,26,2014-04-26,01:28:00,9,OK,40,0,2.0,0,0,0,0,29.558371314825074,-97.00843039224578,0,0,1,1,1,1,1,0,0,0,0,0
242,2011,11,12,2011-11-12,07:38:00,9,OK,40,0,2.0,0,0,0,0,38.67888418141775,-84.27108994510456,0,0,1,1,1,1,1,0,0,0,0,0
243,2015,4,12,2015-04-12,11:56:00,3,OK,40,0,1.5,0,0,0,0,36.95043821195809,-81.74481525976866,0,0,1,1,1,1,1,0,0,0,0,0
244,2012,7,11,2012-07-11,13:46:00,9,OK,40,0,1.5,0,0,0,0,36.50592863376879,-83.75269927899015,0,0,1,1,1,1,1,0,0,0,0,0
245,2020,3,30,2020-03-30,04:43:00,9,OK,40,0,1.0,0,0,0,0,43.92694654431812,-83.56208866676928,0,0,1,1,1,1,1,0,0,0,0,0
246,2015,5,25,2015-05-25,01:33:00,9,OK,40,0,2.5,0,0,0,0,42.96726543817526,-83.41197174711223,0,0,1,1,1,1,1,0,0,0,0,0
247,2021,9,21,2021-09-21,12:52:00,9,OK,40,0,2.0,0,0,0,0,40.13687743239468,-96.48701768575252,0,0,1,1,1,1,1,0,0,0,0,0
248,2014,4,3,2014-04-03,16:13:00,3,OK,40,0,1.5,0,0,0,0,37.81819208227127,-80.08374541033453,0,0,1,1,1,1,1,0,0,0,0,0
249,2011,10,1,2011-10-01,05:45:00,3,OK,40,0,1.0,0,0,0,0,32.29027833294244,-86.85628419075401,0,0,1,1,1,1,1,0,0,0,0,0
250,2016,6,5,2016-06-05,01:33:00,3,OK,40,0,2.5,0,0,0,0,28.138767046592356,-91.58145871840206,0,0,1,1,1,1,1,0,0,0,0,0
251,2021,10,31,2021-10-31,08:10:00,9,OK,40,0,1.5,0,0,0,0,30.033790584155113,-82.23952295465928,0,0,1,1,1,1,1,0,0,0,0,0
252,2023,4,1,2023-04-01,01:51:00,3,OK,40,0,0.75,0,0,0,0,33.445001909362894,-88.35297454021546,0,0,1,1,1,1,1,0,0,0,0,0
253,2020,11,9,2020-11-09,22:23:00,3,OK,40,0,3.0,0,0,0,0,31.344373380450513,-80.12750981852997,0,0,1,1,1,1,1,0,0,0,0,0
254,2023,5,16,2023-05-16,00:13:00,3,OK,40,0,2.0,0,0,0,0,37.6900649821411,-84.95852611099592,0,0,1,1,1,1,1,0,0,0,0,0
255,2019,1,7,2019-01-07,00:51:00,9,OK,40,0,1.5,0,0,0,0,37.09414689741229,-92.64978581480548,0,0,1,1,1,1,1,0,0,0,0,0
256,2022,4,14,2022-04-14,02:46:00,3,OK,40,0,2.5,0,0,0,0,34.626454563993484,-85.14875549395,0,0,1,1,1,1,1,0,0,0,0,0
257,2018,12,13,2018-12-13,10:30:00,3,OK,40,0,2.5,0,0,0,0,41.60925693401976,-85.39780055549878,0,0,1,1,1,1,1,0,0,0,0,0
258,2014,1,14,2014-01-14,16:00:00,9,OK,40,0,1.25,0,0,0,0,40.42967147947776,-93.74018444446405,0,0,1,1,1,1,1,0,0,0,0,0
259,2019,7,29,2019-07-29,23:43:00,3,OK,40,0,1.0,0,0,0,0,39.694008720706314,-82.31649518286348,0,0,1,1,1,1,1,0,0,0,0,0
260,2016,12,11,2016-12-11,02:07:00,3,OK,40,0,1.0,0,0,0,0,36.545479206539554,-97.18470167265413,0,0,1,1,1,1,1,0,0,0,0,0
261,2021,1,31,2021-01-31,07:03:00,9,OK,40,0,2.0,0,0,0,0,28.73856890020224,-92.69452970392115,0,0,1,1,1,1,1,0,0,0,0,0
262,2023,7,7,2023-07-07,05:46:00,9,OK,40,0,2.0,0,0,0,0,35.27647139427929,-87.27451617944384,0,0,1,1,1,1,1,0,0,0,0,0
263,2017,10,11,2017-10-11,13:00:00,9,OK,40,0,2.5,0,0,0,0,36.486091187378825,-90.4172176158345,0,0,1,1,1,1,1,0,0,0,0,0
264,2013,5,24,2013-05-24,20:31:00,9,OK,40,0,1.0,0,0,0,0,35.61340913772059,-86.43688204828177,0,0,1,1,1,1,1,0,0,0,0,0
265,2019,6,13,2019-06-13,00:08:00,3,OK,40,0,2.5,0,0,0,0,28.076068654099462,-80.05292637854046,0,0,1,1,1,1,1,0,0,0,0,0
266,2023,5,3,2023-05-03,07:03:00,3,OK,40,0,2.5,0,0,0,0,39.09129059934929,-98.44006725877774,0,0,1,1,1,1,1,0,0,0,0,0
267,2011,7,18,2011-07-18,01:11:00,9,OK,40,0,1.5,0,0,0,0,32.37567718062425,-84.82062282334482,0,0,1,1,1,1,1,0,0,0,0,0
268,2011,11,11,2011-11-11,03:23:00,9,OK,40,0,3.0,0,0,0,0,28.75920001411057,-83.65150982898129,0,0,1,1,1,1,1,0,0,0,0,0
269,2022,9,7,2022-09-07,02:20:00,9,OK,40,0,2.0,0,0,0,0,36.55896635944842,-94.35597117373138,0,0,1,1,1,1,1,0,0,0,0,0
270,2020,3,21,2020-03-21,02:01:00,9,OK,40,0,2.0,0,0,0,0,43.649305505240775,-94.8968789518772,0,0,1,1,1,1,1,0,0,0,0,0
271,2023,6,1,2023-06-01,21:06:00,9,OK,40,0,1.0,0,0,0,0,28.50048481722248,-91.1728475440035,0,0,1,1,1,1,1,0,0,0,0,0
272,2012,5,18,2012-05-18,23:46:00,9,OK,40,0,1.0,0,0,0,0,28.233607082214537,-92.12286484813423,0,0,1,1,1,1,1,0,0,0,0,0
273,2021,8,17,2021-08-17,17:04:00,9,OK,40,0,1.5,0,0,0,0,37.99171747666644,-89.84361864875689,0,0,1,1,1,1,1,0,0,0,0,0
274,2014,2,15,2014-02-15,05:42:00,3,OK,40,0,1.0,0,0,0,0,37.2307660342426,-95.76831596915483,0,0,1,1,1,1,1,0,0,0,0,0
275,2023,10,3,2023-10-03,03:35:00,3,OK,40,0,0.75,0,0,0,0,28.267007924718087,-90.12399049929917,0,0,1,1,1,1,1,0,0,0,0,0
276,2016,12,31,2016-12-31,21:47:00,9,OK,40,0,2.5,0,0,0,0,29.752168761464837,-83.74495154385946,0,0,1,1,1,1,1,0,0,0,0,0
277,2018,8,17,2018-08-17,06:22:00,3,OK,40,0,1.5,0,0,0,0,42.21870891900979,-82.34233215464349,0,0,1,1,1,1,1,0,0,0,0,0
278,2019,11,1,2019-11-01,19:30:00,9,OK,40,0,2.5,0,0,0,0,35.694853590444566,-86.66475475062865,0,0,1,1,1,1,1,0,0,0,0,0
279,2011,6,8,2011-06-08,22:38:00,9,OK,40,0,1.25,0,0,0,0,30.114583532897456,-94.23739072103875,0,0,1,1,1,1,1,0,0,0,0,0
280,2014,9,24,2014-09-24,23:11:00,9,OK,40,0,1.5,0,0,0,0,30.65064823073342,-82.53509763316498,0,0,1,1,1,1,1,0,0,0,0,0
281,2017,2,11,2017-02-11,21:52:00,3,OK,40,0,0.75,0,0,0,0,38.3941865119076,-91.57544178010592,0,0,1,1,1,1,1,0,0,0,0,0
282,2013,4,8,2013-04-08,12:34:00,9,OK,40,0,1.25,0,0,0,0,33.58732191123923,-95.36385619470231,0,0,1,1,1,1,1,0,0,0,0,0
283,2012,11,24,2012-11-24,22:55:00,3,OK,40,0,1.5,0,0,0,0,28.436988944842312,-97.30805381984062,0,0,1,1,1,1,1,0,0,0,0,0
284,2010,7,29,2010-07-29,10:03:00,3,OK,40,0,1.0,0,0,0,0,38.81231443570479,-80.76662284114393,0,0,1,1,1,1,1,0,0,0,0,0
285,2022,5,20,2022-05-20,14:49:00,3,OK,40,0,1.25,0,0,0,0,28.549999742899963,-98.24041691070525,0,0,1,1,1,1,1,0,0,0,0,0
286,2018,8,9,2018-08-09,12:42:00,3,OK,40,0,3.0,0,0,0,0,29.87475912437911,-89.40479070130544,0,0,1,1,1,1,1,0,0,0,0,0
287,2018,10,9,2018-10-09,09:00:00,3,OK,40,0,2.0,0,0,0,0,30.69906022435716,-95.95645456885617,0,0,1,1,1,1,1,0,0,0,0,0
288,2021,6,19,2021-06-19,05:06:00,9,OK,40,0,3.0,0,0,0,0,30.435724495190946,-82.63439209075992,0,0,1,1,1,1,1,0,0,0,0,0
289,2018,4,9,2018-04-09,07:33:00,9,OK,40,0,1.0,0,0,0,0,40.94657008782134,-96.10946612981083,0,0,1,1,1,1,1,0,0,0,0,0
290,2014,8,31,2014-08-31,21:29:00,3,OK,40,0,1.5,0,0,0,0,29.58857275002031,-85.27040481232414,0,0,1,1,1,1,1,0,0,0,0,0
291,2010,8,2,2010-08-02,19:21:00,3,OK,40,0,1.0,0,0,0,0,30.526907052568205,-96.69768063176681,0,0,1,1,1,1,1,0,0,0,0,0
292,2023,5,22,2023-05-22,10:14:00,3,OK,40,0,1.0,0,0,0,0,35.599264672738876,-81.23775502606776,0,0,1,1,1,1,1,0,0,0,0,0
293,2021,7,5,2021-07-05,19:52:00,9,OK,40,0,1.0,0,0,0,0,30.381422744945525,-86.73350001114629,0,0,1,1,1,1,1,0,0,0,0,0
294,2020,12,16,2020-12-16,14:22:00,3,OK,40,0,2.0,0,0,0,0,40.697912467798474,-91.697582700646,0,0,1,1,1,1,1,0,0,0,0,0
295,2013,11,6,2013-11-06,20:27:00,9,OK,40,0,1.0,0,0,0,0,36.29167946138129,-80.75034980528486,0,0,1,1,1,1,1,0,0,0,0,0
296,2017,2,16,2017-02-16,16:03:00,3,OK,40,0,2.0,0,0,0,0,42.953937736082516,-89.51898276884026,0,0,1,1,1,1,1,0,0,0,0,0
297,2017,6,18,2017-06-18,01:49:00,9,OK,40,0,1.5,0,0,0,0,28.647969879045107,-92.31852541376468,0,0,1,1,1,1,1,0,0,0,0,0
298,2021,3,2,2021-03-02,19:30:00,3,OK,40,0,0.75,0,0,0,0,42.5383726007737,-96.7504899318451,0,0,1,1,1,1,1,0,0,0,0,0
299,2021,7,5,2021-07-05,14:39:00,3,OK,40,0,2.0,0,0,0,0,30.614786226354287,-85.57821367257212,0,0,1,1,1,1,1,0,0,0,0,0
300,2014,2,6,2014-02-06,09:46:00,3,OK,40,0,1.0,0,0,0,0,43.735790510053576,-88.07334112420838,0,0,1,1,1,1,1,0,0,0,0,0
301,2023,11,28,2023-11-28,12:23:00,3,OK,40,0,2.0,0,0,0,0,33.54269886108002,-95.54214306044011,0,0,1,1,1,1,1,0,0,0,0,0
302,2020,8,18,2020-08-18,03:24:00,9,OK,40,0,3.0,0,0,0,0,36.68331164930576,-95.00076330702157,0,0,1,1,1,1,1,0,0,0,0,0
303,2019,10,12,2019-10-12,03:43:00,3,OK,40,0,1.25,0,0,0,0,28.40279929847136,-95.59235743485915,0,0,1,1,1,1,1,0,0,0,0,0
304,2011,12,10,2011-12-10,08:13:00,3,OK,40,0,1.5,0,0,0,0,40.39536147615839,-90.08316270036413,0,0,1,1,1,1,1,0,0,0,0,0
305,2020,4,22,2020-04-22,19:32:00,9,OK,40,0,1.0,0,0,0,0,31.634111852222652,-99.05421374075992,0,0,1,1,1,1,1,0,0,0,0,0
306,2011,4,1,2011-04-01,08:32:00,3,OK,40,0,3.0,0,0,0,0,43.582484622670435,-94.21505030884663,0,0,1,1,1,1,1,0,0,0,0,0
307,2021,4,12,2021-04-12,13:50:00,3,OK,40,0,3.0,0,0,0,0,39.250379777066684,-85.26752112005283,0,0,1,1,1,1,1,0,0,0,0,0
308,2010,12,11,2010-12-11,13:54:00,3,OK,40,0,1.25,0,0,0,0,32.821525474026515,-87.5754019333465,0,0,1,1,1,1,1,0,0,0,0,0
309,2019,1,26,2019-01-26,12:49:00,3,OK,40,0,1.25,0,0,0,0,32.43544601688706,-83.62807710990793,0,0,1,1,1,1,1,0,0,0,0,0
310,2014,9,25,2014-09-25,20:25:00,3,OK,40,0,2.0,0,0,0,0,30.898146625743312,-85.10350090168414,0,0,1,1,1,1,1,0,0,0,0,0
311,2022,7,31,2022-07-31,14:09:00,9,OK,40,0,1.25,0,0,0,0,41.63179855847076,-99.57445325279318,0,0,1,1,1,1,1,0,0,0,0,0
312,2015,6,11,2015-06-11,16:37:00,9,OK,40,0,1.0,0,0,0,0,35.454104732908824,-88.60861731775518,0,0,1,1,1,1,1,0,0,0,0,0
313,2010,12,20,2010-12-20,13:44:00,9,OK,40,0,2.5,0,0,0,0,32.70807539447577,-91.23166546393331,0,0,1,1,1,1,1,0,0,0,0,0
314,2020,8,7,2020-08-07,06:17:00,3,OK,40,0,1.25,0,0,0,0,44.197931706041096,-92.77399912455199,0,0,1,1,1,1,1,0,0,0,0,0
315,2013,9,17,2013-09-17,11:23:00,3,OK,40,0,3.0,0,0,0,0,41.6380941479641,-80.15236827077351,0,0,1,1,1,1,1,0,0,0,0,0
316,2021,1,19,2021-01-19,08:35:00,9,OK,40,0,3.0,0,0,0,0,37.967151178526436,-86.8607325848951,0,0,1,1,1,1,1,0,0,0,0,0
317,2020,9,7,2020-09-07,06:59:00,9,OK,40,0,3.0,0,0,0,0,41.64162714677015,-94.97859853722626,0,0,1,1,1,1,1,0,0,0,0,0
318,2013,6,23,2013-06-23,19:57:00,3,OK,40,0,1.25,0,0,0,0,30.04215464727865,-89.34267882590669,0,0,1,1,1,1,1,0,0,0,0,0
319,2013,1,30,2013-01-30,14:35:00,3,OK,40,0,2.0,0,0,0,0,39.426784201033286,-98.09536133787918,0,0,1,1,1,1,1,0,0,0,0,0
320,2020,9,16,2020-09-16,14:34:00,9,OK,40,0,1.0,0,0,0,0,33.51057677408485,-85.0945344044442,0,0,1,1,1,1,1,0,0,0,0,0
321,2014,3,8,2014-03-08,08:20:00,9,OK,40,0,2.5,0,0,0,0,39.68765253810929,-93.04696520759346,0,0,1,1,1,1,1,0,0,0,0,0
322,2014,4,11,2014-04-11,11:05:00,3,OK,40,0,0.75,0,0,0,0,44.348171200317964,-96.62233254322328,0,0,1,1,1,1,1,0,0,0,0,0
323,2016,10,19,2016-10-19,02:20:00,3,OK,40,0,1.5,0,0,0,0,41.26611304202451,-96.75157074041105,0,0,1,1,1,1,1,0,0,0,0,0
324,2017,10,29,2017-10-29,15:06:00,9,OK,40,0,0.75,0,0,0,0,37.61450023323239,-99.69542269259537,0,0,1,1,1,1,1,0,0,0,0,0
325,2020,12,19,2020-12-19,02:08:00,3,OK,40,0,0.75,0,0,0,0,40.674064539741266,-84.4423949348581,0,0,1,1,1,1,1,0,0,0,0,0
326,2023,9,6,2023-09-06,05:00:00,9,OK,40,0,1.0,0,0,0,0,35.96163833759449,-85.42600248611117,0,0,1,1,1,1,1,0,0,0,0,0
327,2012,2,4,2012-02-04,10:44:00,3,OK,40,0,1.0,0,0,0,0,32.75906803706123,-90.29948215000806,0,0,1,1,1,1,1,0,0,0,0,0
328,2018,3,26,2018-03-26,06:25:00,9,OK,40,0,1.25,0,0,0,0,28.690778679518903,-93.88070488192132,0,0,1,1,1,1,1,0,0,0,0,0
329,2015,1,9,2015-01-09,05:38:00,9,OK,40,0,1.5,0,0,0,0,39.51245176940935,-92.16776694539583,0,0,1,1,1,1,1,0,0,0,0,0
330,2018,6,12,2018-06-12,05:07:00,9,OK,40,0,2.0,0,0,0,0,30.42405438838969,-82.31823016118983,0,0,1,1,1,1,1,0,0,0,0,0
331,2017,10,3,2017-10-03,14:09:00,9,OK,40,0,1.0,0,0,0,0,35.808915334352236,-97.57400455554244,0,0,1,1,1,1,1,0,0,0,0,0
332,2010,1,14,2010-01-14,02:58:00,3,OK,40,0,1.0,0,0,0,0,39.334827229460615,-99.40870519747588,0,0,1,1,1,1,1,0,0,0,0,0
333,2014,12,9,2014-12-09,11:06:00,3,OK,40,0,1.25,0,0,0,0,43.15199810147402,-95.6855110058058,0,0,1,1,1,1,1,0,0,0,0,0
334,2021,2,6,2021-02-06,16:29:00,3,OK,40,0,1.5,0,0,0,0,38.35918183333048,-89.5862873337237,0,0,1,1,1,1,1,0,0,0,0,0
335,2016,8,7,2016-08-07,18:05:00,9,OK,40,0,3.0,0,0,0,0,31.7013195495124,-99.84634163610112,0,0,1,1,1,1,1,0,0,0,0,0
336,2011,2,13,2011-02-13,12:36:00,3,OK,40,0,2.5,0,0,0,0,36.058946149719425,-97.9147053171313,0,0,1,1,1,1,1,0,0,0,0,0
337,2018,1,7,2018-01-07,00:29:00,3,OK,40,0,2.0,0,0,0,0,39.34954117103341,-86.04272036266576,0,0,1,1,1,1,1,0,0,0,0,0
338,2012,6,6,2012-06-06,02:39:00,3,OK,40,0,1.5,0,0,0,0,31.32039788034319,-91.03874285756213,0,0,1,1,1,1,1,0,0,0,0,0
339,2017,6,11,2017-06-11,00:19:00,3,OK,40,0,1.5,0,0,0,0,40.44692052571979,-81.02722079971431,0,0,1,1,1,1,1,0,0,0,0,0
340,2013,12,3,2013-12-03,16:47:00,3,OK,40,0,1.25,0,0,0,0,40.98501203360568,-81.78466864794777,0,0,1,1,1,1,1,0,0,0,0,0
341,2018,1,21,2018-01-21,04:22:00,9,OK,40,0,2.5,0,0,0,0,36.882999084598154,-94.47084207197909,0,0,1,1,1,1,1,0,0,0,0,0
342,2017,5,5,2017-05-05,04:03:00,9,OK,40,0,3.0,0,0,0,0,42.59962107146675,-92.44568139882008,0,0,1,1,1,1,1,0,0,0,0,0
343,2011,1,2,2011-01-02,03:07:00,3,OK,40,0,0.75,0,0,0,0,31.820577247544122,-81.63656537324707,0,0,1,1,1,1,1,0,0,0,0,0
344,2012,9,22,2012-09-22,05:56:00,9,OK,40,0,1.0,0,0,0,0,37.14153739098257,-88.41484810565014,0,0,1,1,1,1,1,0,0,0,0,0
345,2018,8,25,2018-08-25,18:29:00,9,OK,40,0,0.75,0,0,0,0,43.200791123963555,-92.60556184469539,0,0,1,1,1,1,1,0,0,0,0,0
346,2022,12,28,2022-12-28,10:20:00,9,OK,40,0,3.0,0,0,0,0,39.97057568483713,-83.991865892901,0,0,1,1,1,1,1,0,0,0,0,0
347,2011,9,5,2011-09-05,20:08:00,3,OK,40,0,0.75,0,0,0,0,41.71686333068344,-81.50991784795448,0,0,1,1,1,1,1,0,0,0,0,0
348,2012,4,7,2012-04-07,16:18:00,9,OK,40,0,0.75,0,0,0,0,31.775581379386377,-86.53013870592844,0,0,1,1,1,1,1,0,0,0,0,0
349,2014,1,29,2014-01-29,13:22:00,3,OK,40,0,1.25,0,0,0,0,37.737269881706666,-95.38192844492197,0,0,1,1,1,1,1,0,0,0,0,0
350,2012,8,13,2012-08-13,15:22:00,3,OK,40,0,2.0,0,0,0,0,33.50872616301996,-83.61478968308535,0,0,1,1,1,1,1,0,0,0,0,0
351,2013,9,30,2013-09-30,05:21:00,9,OK,40,0,2.5,0,0,0,0,39.2015793641334,-91.58947677171972,0,0,1,1,1,1,1,0,0,0,0,0
352,2015,11,7,2015-11-07,09:46:00,3,OK,40,0,1.5,0,0,0,0,36.8843639969974,-86.03906840175053,0,0,1,1,1,1,1,0,0,0,0,0
353,2021,6,27,2021-06-27,21:39:00,9,OK,40,0,3.0,0,0,0,0,38.63330968600369,-90.27292767232996,0,0,1,1,1,1,1,0,0,0,0,0
354,2020,9,10,2020-09-10,23:56:00,3,OK,40,0,0.75,0,0,0,0,38.50039041373432,-81.18270191165125,0,0,1,1,1,1,1,0,0,0,0,0
355,2010,7,24,2010-07-24,13:34:00,9,OK,40,0,2.0,0,0,0,0,40.519408952718344,-98.63249518962523,0,0,1,1,1,1,1,0,0,0,0,0
356,2013,1,15,2013-01-15,23:34:00,9,OK,40,0,1.25,0,0,0,0,41.580998875320624,-96.88406591184992,0,0,1,1,1,1,1,0,0,0,0,0
357,2023,4,19,2023-04-19,01:16:00,3,OK,40,0,2.0,0,0,0,0,29.051922063793704,-96.10863476367714,0,0,1,1,1,1,1,0,0,0,0,0
358,2021,10,13,2021-10-13,11:13:00,9,OK,40,0,2.5,0,0,0,0,44.122406444588755,-95.57998986680998,0,0,1,1,1,1,1,0,0,0,0,0
359,2018,7,2,2018-07-02,02:28:00,9,OK,40,0,1.25,0,0,0,0,34.909563510815055,-95.29144763279076,0,0,1,1,1,1,1,0,0,0,0,0
360,2019,4,29,2019-04-29,13:56:00,3,OK,40,0,1.5,0,0,0,0,30.89164920716184,-96.94299590288533,0,0,1,1,1,1,1,0,0,0,0,0
361,2014,7,24,2014-07-24,07:59:00,3,OK,40,0,1.0,0,0,0,0,43.67366201820448,-86.1416489529983,0,0,1,1,1,1,1,0,0,0,0,0
362,2019,10,28,2019-10-28,01:13:00,3,OK,40,0,1.0,0,0,0,0,41.327854061373145,-95.63688503464384,0,0,1,1,1,1,1,0,0,0,0,0
363,2011,2,28,2011-02-28,03:33:00,9,OK,40,0,1.5,0,0,0,0,35.14601476043255,-95.29093037955568,0,0,1,1,1,1,1,0,0,0,0,0
364,2010,9,6,2010-09-06,18:58:00,9,OK,40,0,2.5,0,0,0,0,38.19854674596768,-96.05223475555772,0,0,1,1,1,1,1,0,0,0,0,0
365,2014,1,10,2014-01-10,14:26:00,9,OK,40,0,3.0,0,0,0,0,31.845353444680125,-92.02625560617756,0,0,1,1,1,1,1,0,0,0,0,0
366,2010,3,4,2010-03-04,08:13:00,9,OK,40,0,1.25,0,0,0,0,35.02321557122349,-80.82813794027304,0,0,1,1,1,1,1,0,0,0,0,0
367,2020,2,2,2020-02-02,23:57:00,3,OK,40,0,1.0,0,0,0,0,34.815979406917215,-92.66439560895978,0,0,1,1,1,1,1,0,0,0,0,0
368,2016,5,20,2016-05-20,01:10:00,9,OK,40,0,3.0,0,0,0,0,40.818687470090225,-94.04751640671724,0,0,1,1,1,1,1,0,0,0,0,0
369,2023,10,30,2023-10-30,10:58:00,9,OK,40,0,2.5,0,0,0,0,35.339290922849926,-98.62800818192008,0,0,1,1,1,1,1,0,0,0,0,0
370,2013,10,21,2013-10-21,15:23:00,9,OK,40,0,2.5,0,0,0,0,40.83281190470326,-92.94944936721534,0,0,1,1,1,1,1,0,0,0,0,0
371,2021,11,5,2021-11-05,15:21:00,3,OK,40,0,0.75,0,0,0,0,41.4313502800648,-95.3560790740465,0,0,1,1,1,1,1,0,0,0,0,0
372,2019,8,5,2019-08-05,09:27:00,3,OK,40,0,2.5,0,0,0,0,34.555537647381065,-84.74145323956662,0,0,1,1,1,1,1,0,0,0,0,0
373,2015,4,30,2015-04-30,13:45:00,3,OK,40,0,1.25,0,0,0,0,35.48107663308554,-97.76743400287478,0,0,1,1,1,1,1,0,0,0,0,0
374,2013,9,22,2013-09-22,06:55:00,9,OK,40,0,1.0,0,0,0,0,36.852171894917134,-97.1263791609159,0,0,1,1,1,1,1,0,0,0,0,0
375,2019,1,26,2019-01-26,00:21:00,9,OK,40,0,1.0,0,0,0,0,28.059681832756926,-94.42979398243773,0,0,1,1,1,1,1,0,0,0,0,0
376,2018,9,22,2018-09-22,20:31:00,3,OK,40,0,0.75,0,0,0,0,31.31593500314025,-94.23946341329389,0,0,1,1,1,1,1,0,0,0,0,0
377,2017,6,6,2017-06-06,06:38:00,3,OK,40,0,1.5,0,0,0,0,42.40133150254025,-83.07390126607774,0,0,1,1,1,1,1,0,0,0,0,0
378,2019,8,22,2019-08-22,14:18:00,3,OK,40,0,1.0,0,0,0,0,40.93598514302887,-84.17432687099026,0,0,1,1,1,1,1,0,0,0,0,0
379,2013,1,9,2013-01-09,06:27:00,3,OK,40,0,2.5,0,0,0,0,29.311576868078657,-88.4272873358955,0,0,1,1,1,1,1,0,0,0,0,0
380,2010,1,8,2010-01-08,01:26:00,3,OK,40,0,0.75,0,0,0,0,38.793260306351215,-94.22822642279907,0,0,1,1,1,1,1,0,0,0,0,0
381,2019,7,12,2019-07-12,14:23:00,3,OK,40,0,2.0,0,0,0,0,28.352501003688992,-93.62243293578015,0,0,1,1,1,1,1,0,0,0,0,0
382,2013,6,19,2013-06-19,19:07:00,3,OK,40,0,1.5,0,0,0,0,37.08146237517459,-88.1556345003471,0,0,1,1,1,1,1,0,0,0,0,0
383,2011,7,5,2011-07-05,00:13:00,9,OK,40,0,1.25,0,0,0,0,30.74518767911948,-85.20266882470352,0,0,1,1,1,1,1,0,0,0,0,0
384,2017,2,10,2017-02-10,14:20:00,9,OK,40,0,1.5,0,0,0,0,42.508689899527795,-92.31803889783102,0,0,1,1,1,1,1,0,0,0,0,0
385,2014,7,8,2014-07-08,07:30:00,9,OK,40,0,1.0,0,0,0,0,38.45185877296654,-89.80875942711249,0,0,1,1,1,1,1,0,0,0,0,0
386,2014,6,26,2014-06-26,17:35:00,9,OK,40,0,1.0,0,0,0,0,29.087698457170273,-82.23933726934612,0,0,1,1,1,1,1,0,0,0,0,0
387,2014,1,16,2014-01-16,07:10:00,9,OK,40,0,0.75,0,0,0,0,38.90131563090891,-87.00418286583138,0,0,1,1,1,1,1,0,0,0,0,0
388,2019,1,12,2019-01-12,01:35:00,3,OK,40,0,3.0,0,0,0,0,43.1673695885731,-89.288997359162,0,0,1,1,1,1,1,0,0,0,0,0
389,2020,10,1,2020-10-01,05:05:00,9,OK,40,0,1.0,0,0,0,0,40.47300883795403,-98.57555077716218,0,0,1,1,1,1,1,0,0,0,0,0
390,2021,1,11,2021-01-11,05:37:00,3,OK,40,0,1.5,0,0,0,0,29.958439230437417,-96.47969576444179,0,0,1,1,1,1,1,0,0,0,0,0
391,2019,2,5,2019-02-05,06:22:00,9,OK,40,0,2.5,0,0,0,0,39.306585489618435,-95.98016832368754,0,0,1,1,1,1,1,0,0,0,0,0
392,2019,4,1,2019-04-01,13:33:00,9,OK,40,0,0.75,0,0,0,0,38.38194556779622,-87.5370341509541,0,0,1,1,1,1,1,0,0,0,0,0
393,2022,9,13,2022-09-13,23:18:00,3,OK,40,0,2.0,0,0,0,0,38.73298168882513,-97.837744965909,0,0,1,1,1,1,1,0,0,0,0,0
394,2020,7,2,2020-07-02,12:00:00,9,OK,40,0,2.0,0,0,0,0,41.51775622184115,-99.42010260036747,0,0,1,1,1,1,1,0,0,0,0,0
395,2019,4,23,2019-04-23,09:31:00,3,OK,40,0,2.5,0,0,0,0,33.175125367581806,-92.7929888469627,0,0,1,1,1,1,1,0,0,0,0,0
396,2014,10,20,2014-10-20,13:44:00,9,OK,40,0,2.5,0,0,0,0,34.04296496488117,-85.62281642982384,0,0,1,1,1,1,1,0,0,0,0,0
397,2013,12,16,2013-12-16,23:30:00,3,OK,40,0,3.0,0,0,0,0,31.430874336877064,-86.13501291395882,0,0,1,1,1,1,1,0,0,0,0,0
398,2015,5,6,2015-05-06,09:45:00,9,OK,40,0,2.0,0,0,0,0,35.77199341234411,-84.14659296099222,0,0,1,1,1,1,1,0,0,0,0,0
399,2023,3,30,2023-03-30,04:02:00,3,OK,40,0,0.75,0,0,0,0,34.9673371487613,-86.0750348746138,0,0,1,1,1,1,1,0,0,0,0,0
400,2013,6,28,2013-06-28,05:21:00,3,OK,40,0,1.5,0,0,0,0,29.429731335288608,-87.73428842797077,0,0,1,1,1,1,1,0,0,0,0,0
401,2018,3,13,2018-03-13,11:18:00,3,OK,40,0,0.75,0,0,0,0,32.1243107445066,-90.2767580648471,0,0,1,1,1,1,1,0,0,0,0,0
402,2015,5,22,2015-05-22,22:16:00,9,OK,40,0,2.5,0,0,0,0,30.038768911843132,-95.83003359024059,0,0,1,1,1,1,1,0,0,0,0,0
403,2011,9,8,2011-09-08,05:35:00,3,OK,40,0,3.0,0,0,0,0,37.426642754156326,-88.62903888286763,0,0,1,1,1,1,1,0,0,0,0,0
404,2014,7,31,2014-07-31,08:12:00,9,OK,40,0,1.25,0,0,0,0,31.183530946425062,-87.26750503583318,0,0,1,1,1,1,1,0,0,0,0,0
405,2014,12,16,2014-12-16,08:08:00,9,OK,40,0,0.75,0,0,0,0,33.53523738525695,-97.52513343170567,0,0,1,1,1,1,1,0,0,0,0,0
406,2011,2,28,2011-02-28,20:26:00,9,OK,40,0,1.0,0,0,0,0,41.889906709004585,-88.6970532279373,0,0,1,1,1,1,1,0,0,0,0,0
407,2015,7,7,2015-07-07,21:35:00,9,OK,40,0,2.0,0,0,0,0,37.721436744674044,-98.04502573612896,0,0,1,1,1,1,1,0,0,0,0,0
408,2021,12,3,2021-12-03,02:09:00,9,OK,40,0,0.75,0,0,0,0,36.83291596936019,-89.05846395387016,0,0,1,1,1,1,1,0,0,0,0,0
409,2019,10,1,2019-10-01,14:31:00,3,OK,40,0,3.0,0,0,0,0,44.054166652913196,-96.82162217962717,0,0,1,1,1,1,1,0,0,0,0,0
410,2011,9,9,2011-09-09,01:44:00,9,OK,40,0,1.25,0,0,0,0,35.434973643302726,-97.61972905583335,0,0,1,1,1,1,1,0,0,0,0,0
411,2020,2,5,2020-02-05,13:49:00,9,OK,40,0,1.0,0,0,0,0,43.02189843808164,-97.73799887972326,0,0,1,1,1,1,1,0,0,0,0,0
412,2022,11,19,2022-11-19,01:43:00,3,OK,40,0,1.5,0,0,0,0,37.82351808698916,-81.77949374338186,0,0,1,1,1,1,1,0,0,0,0,0
413,2022,5,31,2022-05-31,07:47:00,3,OK,40,0,0.75,0,0,0,0,34.89070318774537,-88.03825365095116,0,0,1,1,1,1,1,0,0,0,0,0
414,2018,9,19,2018-09-19,12:00:00,9,OK,40,0,2.0,0,0,0,0,33.88322526361171,-94.99682555595722,0,0,1,1,1,1,1,0,0,0,0,0
415,2015,7,2,2015-07-02,09:45:00,3,OK,40,0,1.0,0,0,0,0,43.35742571461904,-98.57102244015817,0,0,1,1,1,1,1,0,0,0,0,0
416,2016,2,18,2016-02-18,14:54:00,9,OK,40,0,0.75,0,0,0,0,37.60917108231282,-89.27637162975795,0,0,1,1,1,1,1,0,0,0,0,0
417,2013,7,3,2013-07-03,12:20:00,3,OK,40,0,1.0,0,0,0,0,32.279130594884236,-97.10394058246382,0,0,1,1,1,1,1,0,0,0,0,0
418,2022,3,24,2022-03-24,23:28:00,9,OK,40,0,1.0,0,0,0,0,36.830970635918604,-84.43194131190998,0,0,1,1,1,1,1,0,0,0,0,0
419,2022,7,11,2022-07-11,16:38:00,3,OK,40,0,1.0,0,0,0,0,32.246105189920556,-90.07780686796386,0,0,1,1,1,1,1,0,0,0,0,0
420,2022,12,7,2022-12-07,22:36:00,3,OK,40,0,1.25,0,0,0,0,32.09137124446472,-85.4710223028532,0,0,1,1,1,1,1,0,0,0,0,0
421,2011,3,18,2011-03-18,03:30:00,9,OK,40,0,0.75,0,0,0,0,30.195402982532627,-92.08546802359716,0,0,1,1,1,1,1,0,0,0,0,0
422,2012,4,30,2012-04-30,02:33:00,3,OK,40,0,3.0,0,0,0,0,39.7182573142961,-85.95354510759279,0,0,1,1,1,1,1,0,0,0,0,0
423,2017,3,14,2017-03-14,01:35:00,9,OK,40,0,3.0,0,0,0,0,41.277741331318786,-86.30771287313976,0,0,1,1,1,1,1,0,0,0,0,0
424,2014,6,26,2014-06-26,17:41:00,9,OK,40,0,2.5,0,0,0,0,33.50140354003436,-88.77167583848593,0,0,1,1,1,1,1,0,0,0,0,0
425,2018,7,4,2018-07-04,11:54:00,3,OK,40,0,1.0,0,0,0,0,34.95804306344225,-83.08520731683741,0,0,1,1,1,1,1,0,0,0,0,0
426,2018,12,30,2018-12-30,16:26:00,9,OK,40,0,0.75,0,0,0,0,41.48215755938439,-88.35052852795246,0,0,1,1,1,1,1,0,0,0,0,0
427,2018,5,3,2018-05-03,23:46:00,3,OK,40,0,1.0,0,0,0,0,28.27715439092723,-88.43779178440356,0,0,1,1,1,1,1,0,0,0,0,0
428,2011,8,30,2011-08-30,09:18:00,3,OK,40,0,2.0,0,0,0,0,33.658126234401514,-93.84033785315333,0,0,1,1,1,1,1,0,0,0,0,0
429,2020,5,5,2020-05-05,23:24:00,9,OK,40,0,0.75,0,0,0,0,33.22910453000091,-81.36987467764867,0,0,1,1,1,1,1,0,0,0,0,0
430,2022,12,20,2022-12-20,16:24:00,3,OK,40,0,0.75,0,0,0,0,37.23867881682774,-89.65720856892429,0,0,1,1,1,1,1,0,0,0,0,0
431,2021,10,22,2021-10-22,03:14:00,9,OK,40,0,2.0,0,0,0,0,43.21277707460927,-92.16570684852857,0,0,1,1,1,1,1,0,0,0,0,0
432,2011,1,1,2011-01-01,09:28:00,9,OK,40,0,0.75,0,0,0,0,28.688784514459844,-89.16715416874764,0,0,1,1,1,1,1,0,0,0,0,0
433,2011,6,1,2011-06-01,22:50:00,9,OK,40,0,1.0,0,0,0,0,42.327113040873954,-97.09515722530526,0,0,1,1,1,1,1,0,0,0,0,0
434,2015,10,14,2015-10-14,15:41:00,3,OK,40,0,1.25,0,0,0,0,37.47117269862749,-94.69749525757591,0,0,1,1,1,1,1,0,0,0,0,0
435,2013,12,15,2013-12-15,20:19:00,9,OK,40,0,0.75,0,0,0,0,37.990337752176735,-93.86636275660383,0,0,1,1,1,1,1,0,0,0,0,0
436,2019,12,24,2019-12-24,01:02:00,3,OK,40,0,3.0,0,0,0,0,44.26841582407599,-89.69682461637358,0,0,1,1,1,1,1,0,0,0,0,0
437,2020,4,20,2020-04-20,20:42:00,9,OK,40,0,2.0,0,0,0,0,30.180812809449392,-86.08978332384447,0,0,1,1,1,1,1,0,0,0,0,0
438,2018,11,30,2018-11-30,21:49:00,9,OK,40,0,1.25,0,0,0,0,32.702940604608116,-94.25595075744569,0,0,1,1,1,1,1,0,0,0,0,0
439,2011,4,14,2011-04-14,04:58:00,3,OK,40,0,3.0,0,0,0,0,31.910880764814202,-97.28468008822217,0,0,1,1,1,1,1,0,0,0,0,0
440,2019,9,5,2019-09-05,12:29:00,9,OK,40,0,0.75,0,0,0,0,35.97027928414192,-88.81563634449519,0,0,1,1,1,1,1,0,0,0,0,0
441,2012,11,12,2012-11-12,12:01:00,3,OK,40,0,2.5,0,0,0,0,37.85710762020738,-82.90700337242492,0,0,1,1,1,1,1,0,0,0,0,0
442,2021,6,11,2021-06-11,02:21:00,9,OK,40,0,1.0,0,0,0,0,40.37367056734439,-91.63535827263844,0,0,1,1,1,1,1,0,0,0,0,0
443,2023,7,12,2023-07-12,22:54:00,3,OK,40,0,2.5,0,0,0,0,28.9016665097649,-90.48454182105877,0,0,1,1,1,1,1,0,0,0,0,0
444,2017,10,19,2017-10-19,14:17:00,3,OK,40,0,1.5,0,0,0,0,35.24420014282726,-94.21582975690275,0,0,1,1,1,1,1,0,0,0,0,0
445,2018,6,30,2018-06-30,19:55:00,9,OK,40,0,2.5,0,0,0,0,43.71266368844005,-83.82331753367893,0,0,1,1,1,1,1,0,0,0,0,0
446,2011,2,9,2011-02-09,18:25:00,9,OK,40,0,1.5,0,0,0,0,35.864077161568076,-97.58670109231524,0,0,1,1,1,1,1,0,0,0,0,0
447,2016,10,26,2016-10-26,02:14:00,9,OK,40,0,1.25,0,0,0,0,41.89958622600765,-96.57822564615766,0,0,1,1,1,1,1,0,0,0,0,0
448,2011,8,5,2011-08-05,03:57:00,3,OK,40,0,2.0,0,0,0,0,29.903656715342674,-80.0008677448455,0,0,1,1,1,1,1,0,0,0,0,0
449,2022,6,21,2022-06-21,00:22:00,3,OK,40,0,0.75,0,0,0,0,32.92458835033547,-86.3556849474096,0,0,1,1,1,1,1,0,0,0,0,0
450,2022,2,27,2022-02-27,16:15:00,3,OK,40,0,1.5,0,0,0,0,40.501747116162555,-89.03895186846579,0,0,1,1,1,1,1,0,0,0,0,0
451,2016,4,19,2016-04-19,14:50:00,3,OK,40,0,2.5,0,0,0,0,38.56302203056301,-84.09784109683376,0,0,1,1,1,1,1,0,0,0,0,0
452,2011,12,7,2011-12-07,22:18:00,3,OK,40,0,1.5,0,0,0,0,35.533595263485175,-80.06235090657117,0,0,1,1,1,1,1,0,0,0,0,0
453,2019,8,10,2019-08-10,20:11:00,3,OK,40,0,0.75,0,0,0,0,39.37153800419854,-96.18251438298492,0,0,1,1,1,1,1,0,0,0,0,0
454,2022,8,27,2022-08-27,03:54:00,3,OK,40,0,0.75,0,0,0,0,41.106461156784164,-84.17213922484447,0,0,1,1,1,1,1,0,0,0,0,0
455,2012,4,15,2012-04-15,00:24:00,9,OK,40,0,2.0,0,0,0,0,43.257648057316324,-93.15675834825679,0,0,1,1,1,1,1,0,0,0,0,0
456,2012,10,30,2012-10-30,11:05:00,3,OK,40,0,3.0,0,0,0,0,35.48603690772396,-85.37534630029458,0,0,1,1,1,1,1,0,0,0,0,0
457,2011,7,21,2011-07-21,16:43:00,3,OK,40,0,0.75,0,0,0,0,38.9243648769701,-85.84680544924446,0,0,1,1,1,1,1,0,0,0,0,0
458,2023,7,24,2023-07-24,08:06:00,9,OK,40,0,1.5,0,0,0,0,34.48482476314227,-80.03339914403918,0,0,1,1,1,1,1,0,0,0,0,0
459,2017,7,6,2017-07-06,09:41:00,9,OK,40,0,0.75,0,0,0,0,43.75984770252355,-97.76255896327068,0,0,1,1,1,1,1,0,0,0,0,0
460,2018,5,27,2018-05-27,02:43:00,3,OK,40,0,1.0,0,0,0,0,36.171622777359445,-99.95749210366945,0,0,1,1,1,1,1,0,0,0,0,0
461,2012,4,3,2012-04-03,14:47:00,3,OK,40,0,3.0,0,0,0,0,34.9788908417892,-85.04431070777754,0,0,1,1,1,1,1,0,0,0,0,0
462,2021,9,20,2021-09-20,20:12:00,9,OK,40,0,1.5,0,0,0,0,43.97101138210398,-88.62446163402386,0,0,1,1,1,1,1,0,0,0,0,0
463,2019,4,1,2019-04-01,10:12:00,3,OK,40,0,1.25,0,0,0,0,28.033341792437504,-86.18251744076686,0,0,1,1,1,1,1,0,0,0,0,0
464,2021,1,4,2021-01-04,04:45:00,9,OK,40,0,2.0,0,0,0,0,33.643508540919385,-84.92949930347204,0,0,1,1,1,1,1,0,0,0,0,0
465,2021,3,2,2021-03-02,09:37:00,9,OK,40,0,1.5,0,0,0,0,42.249494682193486,-90.12986896448328,0,0,1,1,1,1,1,0,0,0,0,0
466,2014,1,31,2014-01-31,13:18:00,3,OK,40,0,0.75,0,0,0,0,35.67462193771324,-92.8693094991883,0,0,1,1,1,1,1,0,0,0,0,0
467,2020,8,16,2020-08-16,11:09:00,3,OK,40,0,3.0,0,0,0,0,33.922568550851906,-84.59248227395003,0,0,1,1,1,1,1,0,0,0,0,0
468,2013,11,7,2013-11-07,08:08:00,9,OK,40,0,2.0,0,0,0,0,37.99287903999185,-92.39740142667891,0,0,1,1,1,1,1,0,0,0,0,0
469,2022,10,20,2022-10-20,05:53:00,3,OK,40,0,2.0,0,0,0,0,34.87948888896389,-87.55615461019167,0,0,1,1,1,1,1,0,0,0,0,0
470,2022,1,7,2022-01-07,08:40:00,3,OK,40,0,2.5,0,0,0,0,33.60156147278956,-82.13187946968691,0,0,1,1,1,1,1,0,0,0,0,0
471,2018,3,2,2018-03-02,02:08:00,9,OK,40,0,1.25,0,0,0,0,32.52154618575756,-96.83217055797222,0,0,1,1,1,1,1,0,0,0,0,0
472,2023,3,24,2023-03-24,12:00:00,9,OK,40,0,2.5,0,0,0,0,33.321773027170636,-99.82187680216084,0,0,1,1,1,1,1,0,0,0,0,0
473,2019,10,16,2019-10-16,22:32:00,3,OK,40,0,1.0,0,0,0,0,43.7107545013658,-94.86486777602602,0,0,1,1,1,1,1,0,0,0,0,0
474,2021,4,11,2021-04-11,06:12:00,3,OK,40,0,1.0,0,0,0,0,44.31443983464043,-84.05056113106822,0,0,1,1,1,1,1,0,0,0,0,0
475,2016,6,28,2016-06-28,16:52:00,9,OK,40,0,3.0,0,0,0,0,29.680120143001112,-88.66348715019679,0,0,1,1,1,1,1,0,0,0,0,0
476,2011,7,24,2011-07-24,17:20:00,9,OK,40,0,0.75,0,0,0,0,40.502036008775484,-81.07678272929135,0,0,1,1,1,1,1,0,0,0,0,0
477,2020,3,28,2020-03-28,21:57:00,3,OK,40,0,1.0,0,0,0,0,39.181965689699105,-89.04251800276641,0,0,1,1,1,1,1,0,0,0,0,0
478,2022,7,27,2022-07-27,19:59:00,3,OK,40,0,2.0,0,0,0,0,38.726467311870685,-94.68437234822701,0,0,1,1,1,1,1,0,0,0,0,0
479,2010,9,1,2010-09-01,03:53:00,9,OK,40,0,2.5,0,0,0,0,28.558336876963025,-84.68229390601329,0,0,1,1,1,1,1,0,0,0,0,0
480,2018,7,28,2018-07-28,04:50:00,9,OK,40,0,0.75,0,0,0,0,32.6487165655009,-86.8489922816998,0,0,1,1,1,1,1,0,0,0,0,0
481,2013,2,18,2013-02-18,10:15:00,9,OK,40,0,1.0,0,0,0,0,40.68374879157468,-83.58633280076828,0,0,1,1,1,1,1,0,0,0,0,0
482,2016,1,14,2016-01-14,17:23:00,9,OK,40,0,0.75,0,0,0,0,36.42871609278176,-86.64003047955165,0,0,1,1,1,1,1,0,0,0,0,0
483,2012,8,14,2012-08-14,18:54:00,3,OK,40,0,2.0,0,0,0,0,28.406101868379967,-90.96101979260969,0,0,1,1,1,1,1,0,0,0,0,0
484,2016,3,25,2016-03-25,04:44:00,9,OK,40,0,2.5,0,0,0,0,36.95076443357624,-94.45834661812579,0,0,1,1,1,1,1,0,0,0,0,0
485,2017,11,3,2017-11-03,15:17:00,3,OK,40,0,2.0,0,0,0,0,42.412682975056434,-98.88799070461482,0,0,1,1,1,1,1,0,0,0,0,0
486,2021,11,6,2021-11-06,17:23:00,9,OK,40,0,1.5,0,0,0,0,42.933144315972896,-93.84127494649267,0,0,1,1,1,1,1,0,0,0,0,0
487,2014,1,29,2014-01-29,13:09:00,3,OK,40,0,1.0,0,0,0,0,43.27664123360443,-99.07483044866763,0,0,1,1,1,1,1,0,0,0,0,0
488,2019,1,3,2019-01-03,19:45:00,3,OK,40,0,1.0,0,0,0,0,36.96465054222065,-91.39945858495925,0,0,1,1,1,1,1,0,0,0,0,0
489,2012,2,15,2012-02-15,16:34:00,3,OK,40,0,1.25,0,0,0,0,35.938449024867836,-95.48400176219039,0,0,1,1,1,1,1,0,0,0,0,0
490,2021,1,2,2021-01-02,23:32:00,3,OK,40,0,1.0,0,0,0,0,32.15385868053333,-85.9270478341602,0,0,1,1,1,1,1,0,0,0,0,0
491,2013,8,2,2013-08-02,08:41:00,9,OK,40,0,0.75,0,0,0,0,42.7233187293299,-95.59642946886999,0,0,1,1,1,1,1,0,0,0,0,0
492,2011,3,2,2011-03-02,13:06:00,9,OK,40,0,0.75,0,0,0,0,41.59757198047107,-98.37136328867324,0,0,1,1,1,1,1,0,0,0,0,0
493,2013,8,6,2013-08-06,11:55:00,9,OK,40,0,3.0,0,0,0,0,42.680772690437756,-83.22405443200054,0,0,1,1,1,1,1,0,0,0,0,0
494,2010,5,1,2010-05-01,02:27:00,3,OK,40,0,3.0,0,0,0,0,31.841064416774444,-98.7993427941147,0,0,1,1,1,1,1,0,0,0,0,0
495,2013,6,30,2013-06-30,17:35:00,3,OK,40,0,2.5,0,0,0,0,29.664349846799254,-84.98083081301016,0,0,1,1,1,1,1,0,0,0,0,0
496,2013,11,11,2013-11-11,06:19:00,9,OK,40,0,2.0,0,0,0,0,39.87356616178939,-81.41149348036734,0,0,1,1,1,1,1,0,0,0,0,0
497,2012,1,7,2012-01-07,02:38:00,9,OK,40,0,3.0,0,0,0,0,43.52357000974719,-97.85741762637251,0,0,1,1,1,1,1,0,0,0,0,0
498,2023,11,29,2023-11-29,11:01:00,3,OK,40,0,0.75,0,0,0,0,43.581805013511755,-88.80664140261813,0,0,1,1,1,1,1,0,0,0,0,0
499,2022,1,23,2022-01-23,14:33:00,9,OK,40,0,1.25,0,0,0,0,36.98673501039001,-90.96546579493264,0,0,1,1,1,1,1,0,0,0,0,0
